Ids,Loc_1,Loc_2,Loc_3,Loc_4,Loc_5,Loc_6,Loc_7,Loc_8,Loc_9,Loc_10,Loc_11,Loc_12,Loc_13,Loc_14,Loc_15,Loc_16,Loc_17,Loc_18,Loc_19,Loc_20,Loc_21,Loc_22,Loc_23,Loc_24,Loc_25,Loc_26,Loc_27,Loc_28,Loc_29,Loc_30,Loc_31,Loc_32,Loc_33,Loc_34,Loc_35,Loc_36,Loc_37,Loc_38,Loc_39
23208138,1,1,1,2,2,2,1,1,0,1,2,1,1,0,0,2,2,2,0,2,0,0,0,2,0,2,2,2,1,1,0,1,1,0,1,0,2,0,2
26904766,1,1,2,2,2,1,1,2,1,1,2,1,1,0,1,2,2,2,0,2,0,0,0,2,0,2,2,2,0,1,0,0,2,0,1,0,2,0,2
15904028,1,1,0,2,2,1,1,2,1,1,2,2,1,0,0,2,2,2,0,1,1,0,0,2,0,2,2,2,0,0,0,0,2,0,2,0,2,0,2
1009882475,2,0,1,2,2,0,0,2,2,2,2,2,1,0,0,1,0,0,0,1,1,2,2,0,2,0,0,2,2,2,0,0,2,0,2,0,2,0,2
190086276,2,0,0,2,2,0,0,2,2,2,2,2,0,0,0,2,2,2,2,0,0,0,0,2,0,2,2,2,0,0,0,0,2,0,2,0,0,0,2
190089181,2,0,1,2,2,1,1,1,1,1,2,2,2,0,0,2,2,2,0,1,1,0,0,2,0,2,2,2,0,0,0,0,2,0,2,0,2,0,2
190089820,2,0,2,2,2,0,0,2,2,2,2,2,1,0,1,2,2,2,1,1,0,0,0,2,0,2,2,2,1,1,0,1,1,0,1,0,1,0,2
20010993,2,0,0,2,2,1,1,1,1,1,2,2,0,1,0,1,1,1,1,0,1,0,0,2,0,2,2,2,0,0,0,0,2,0,2,0,1,0,2
36810709,2,0,2,2,2,0,0,2,2,2,2,2,0,0,0,1,2,2,2,0,1,0,0,2,0,2,2,2,0,0,0,0,2,0,1,0,0,0,2
190306342,1,1,1,2,2,2,2,1,0,0,2,2,1,0,0,2,2,2,0,2,0,0,0,2,0,2,2,2,0,0,0,0,2,0,2,0,2,0,2
19907052,2,0,1,2,2,0,0,2,2,2,2,1,1,0,0,2,2,2,1,1,0,0,1,1,1,1,1,2,1,1,0,0,2,0,2,0,1,0,2
52808075,2,0,1,2,2,0,0,2,2,2,2,2,1,0,0,2,2,2,1,0,1,0,0,2,0,2,2,2,0,0,0,0,2,0,2,0,1,0,2
49609374,2,0,0,2,2,0,0,2,2,2,2,2,0,0,0,2,2,2,2,0,0,0,0,2,0,2,2,2,0,0,0,0,2,0,2,0,0,0,2
91604209,2,0,2,2,2,1,1,1,1,1,2,1,1,1,0,1,1,1,0,1,1,0,1,1,1,1,1,2,1,1,0,0,2,0,2,0,2,0,1
51012549,2,0,1,2,2,0,0,2,2,1,1,2,0,0,0,2,1,1,0,1,1,0,2,0,2,0,1,2,2,2,0,0,2,1,1,1,2,0,1
13713948,2,0,1,2,2,0,0,2,2,2,2,1,2,0,2,2,2,2,0,2,0,0,0,2,0,2,2,2,1,2,0,1,1,0,0,0,2,0,2
2118719,2,0,0,2,2,2,2,0,0,0,2,2,2,0,0,2,1,1,0,1,1,0,1,1,0,1,2,2,1,1,0,0,2,1,1,1,2,0,2
17813178,1,1,1,2,2,1,1,2,1,1,2,2,1,0,1,2,2,2,0,2,0,0,0,2,0,2,2,2,1,1,0,1,1,0,1,0,2,0,2
12517925,2,0,2,2,2,1,1,1,1,1,2,2,1,0,1,2,2,2,0,1,1,0,0,2,0,2,2,2,0,0,0,0,2,0,2,0,2,0,2
25412911,1,0,1,2,2,2,2,0,0,0,2,1,2,0,0,2,2,2,1,2,0,0,0,2,0,2,2,2,1,1,0,1,1,0,1,0,2,1,1
23018672,2,0,1,2,2,2,2,0,0,0,2,2,2,0,0,2,1,1,0,1,1,0,1,1,0,1,2,2,1,1,0,0,2,1,1,1,2,0,2
400367915,2,0,1,2,2,0,0,2,2,2,1,2,0,1,0,1,1,1,1,0,1,1,0,2,0,2,2,2,1,1,1,1,1,1,2,1,1,0,1
400251620,2,0,2,2,2,0,0,2,2,1,2,1,1,0,1,1,2,2,2,2,0,1,1,1,1,1,1,2,1,1,1,1,1,0,2,1,2,0,2
990714818,2,0,0,2,2,1,1,1,1,1,2,2,1,0,0,2,2,2,1,1,0,0,0,2,0,2,2,2,0,0,0,0,2,0,2,0,1,0,2
990521087,2,0,0,2,2,1,1,1,1,1,2,2,2,0,0,2,2,2,0,1,1,0,0,2,0,2,2,2,0,0,0,0,2,0,2,0,2,0,2
990577071,2,0,1,2,2,0,0,2,2,2,1,2,0,1,0,0,1,1,1,0,2,0,0,2,0,2,2,2,0,0,0,0,2,0,1,0,1,1,2
990628947,2,0,1,2,2,1,1,1,1,1,2,2,0,1,0,1,1,1,1,0,1,0,0,2,0,2,2,2,0,0,0,0,2,0,2,0,1,0,2
990689594,1,1,1,2,2,1,1,2,1,1,2,1,1,0,0,2,2,2,1,2,0,1,1,1,1,1,1,2,1,1,1,1,1,0,2,1,2,0,2
991840351,1,1,1,1,1,1,1,1,1,1,2,1,1,0,1,1,2,2,1,2,0,1,0,2,0,2,2,2,1,1,1,1,2,1,1,0,1,0,1
990701893,2,0,2,2,2,2,2,0,0,0,2,2,1,1,0,1,1,1,0,1,1,0,0,2,0,2,2,2,0,0,0,0,2,0,2,0,2,0,2
990700248,1,1,0,2,2,1,1,2,1,1,2,1,1,0,0,2,2,2,0,2,0,0,1,1,1,1,1,2,1,1,0,0,2,0,2,0,2,0,1
990704495,1,1,1,2,2,1,1,2,1,1,2,2,0,0,0,2,2,2,1,1,0,0,0,2,0,2,2,2,0,0,0,0,2,0,2,0,1,0,2
990730693,2,0,1,2,2,1,1,1,1,1,2,2,2,0,0,2,2,2,0,1,1,0,0,2,0,2,2,2,0,0,0,0,2,0,2,0,2,0,2
990713043,2,0,1,2,2,2,2,0,0,0,2,2,1,0,1,1,1,1,1,1,1,0,1,1,0,1,2,2,2,2,0,1,1,1,0,1,2,0,2
990850532,2,0,1,2,2,1,1,1,1,1,2,2,2,0,0,2,2,2,0,1,1,0,0,2,0,2,2,2,0,0,0,0,2,0,2,0,2,0,2
990745207,2,0,1,2,2,0,0,2,2,2,2,2,2,0,0,1,1,1,0,0,2,1,0,1,0,1,2,1,1,0,0,0,2,0,2,0,2,0,2
990814130,2,0,2,2,2,1,1,1,1,0,2,2,1,0,1,1,1,1,1,1,1,0,1,1,0,1,2,2,2,2,0,1,1,1,0,1,2,0,2
990980300,1,1,2,2,2,1,1,2,1,1,2,2,1,0,1,2,2,2,0,2,0,0,1,1,1,1,1,2,2,2,0,1,1,0,0,1,2,0,2
990990097,1,1,1,2,2,2,2,1,0,0,2,2,1,0,0,2,2,2,0,2,0,0,0,2,0,2,2,2,0,0,0,0,2,0,2,0,2,1,1
991001859,2,0,1,2,2,0,0,2,2,2,2,2,1,0,0,2,2,2,1,1,0,0,0,2,0,2,2,2,0,0,0,0,2,0,2,0,1,0,2
991005176,2,0,1,2,2,2,2,0,0,0,2,2,1,1,0,1,0,0,0,0,2,0,1,1,0,1,2,2,1,1,0,0,2,1,1,1,2,0,2
990997624,2,0,0,2,2,0,0,2,2,1,2,2,1,0,1,1,2,2,2,1,0,0,0,2,0,2,2,2,1,1,0,1,1,0,1,0,2,0,2
990999473,2,0,1,2,2,1,1,1,1,1,2,2,0,1,0,1,1,1,1,0,1,0,0,2,0,2,2,2,0,0,0,0,2,0,2,0,1,0,2
991256758,2,0,2,2,2,1,1,1,1,1,1,2,0,2,0,0,0,0,0,0,2,2,1,1,1,1,1,2,2,2,2,2,0,1,2,2,2,0,1
991030164,2,0,1,2,2,1,1,1,1,1,1,1,1,0,1,1,1,1,0,2,0,1,2,0,2,0,0,2,2,2,0,0,2,0,1,0,2,0,1
991672188,2,0,1,2,2,2,2,0,0,0,2,1,2,0,0,2,2,2,1,2,0,0,0,2,0,2,2,2,1,1,0,1,1,0,1,0,2,0,2
991081844,2,0,1,2,2,0,0,2,2,2,1,2,1,1,1,1,1,1,0,1,1,1,0,2,0,2,2,2,2,2,1,2,0,1,1,1,2,0,1
991101113,1,1,1,1,1,1,1,2,1,1,2,1,1,0,0,2,2,2,0,1,0,0,1,1,1,1,1,2,1,1,0,0,2,0,1,1,2,0,2
991199277,2,0,1,2,2,1,1,1,1,1,1,2,1,1,0,1,1,1,0,1,1,1,0,2,0,2,2,2,1,1,1,1,1,1,2,1,2,0,1
991215619,1,1,0,2,2,2,2,1,0,0,2,2,1,0,0,2,2,2,0,2,0,0,0,2,0,2,2,2,0,0,0,0,2,0,2,0,2,0,2
991274338,2,0,1,1,1,0,0,2,2,2,2,2,1,0,1,2,2,2,0,0,2,0,0,2,0,2,2,2,0,0,0,0,2,0,2,0,2,0,2
991338919,2,0,1,2,2,1,1,1,1,1,2,2,0,1,0,0,1,1,1,0,2,0,0,2,0,2,2,2,0,0,0,0,2,0,1,0,1,0,2
991368257,1,1,1,2,2,1,1,1,1,1,2,1,2,0,1,1,0,0,0,1,1,0,2,0,1,0,1,2,2,2,0,0,2,1,1,1,2,0,1
991405408,2,0,1,2,2,1,1,1,1,1,1,2,0,1,1,0,1,1,1,1,1,0,0,2,0,2,2,2,1,1,0,1,1,0,1,0,2,1,2
991894555,2,0,1,2,2,1,1,1,1,1,2,2,0,1,0,0,1,1,1,0,2,0,0,2,0,2,2,2,0,0,0,0,2,0,1,0,1,0,2
991516047,2,0,1,2,2,1,1,1,1,1,2,1,1,1,0,1,1,1,1,1,1,1,1,1,1,1,1,2,1,1,1,1,1,0,2,1,2,0,2
991487979,2,0,1,2,2,2,2,0,0,0,2,1,1,1,1,0,0,0,0,2,0,1,1,1,1,1,1,2,2,2,0,1,1,0,1,0,2,1,1
991492489,2,0,2,2,2,1,1,1,1,1,2,2,1,0,0,2,2,2,1,1,0,0,0,2,0,2,2,2,0,0,0,0,2,0,2,0,1,0,2
991517318,1,1,1,2,2,1,1,1,1,1,2,1,1,0,1,1,1,1,0,2,0,0,1,1,1,1,1,2,1,1,0,0,2,0,2,0,2,0,1
991515808,2,0,1,1,1,1,1,1,1,1,2,2,0,1,0,1,1,1,1,1,0,0,1,1,1,1,1,2,1,1,0,1,2,1,2,0,0,0,2
991961942,2,0,1,2,2,1,1,1,1,1,2,2,1,1,1,1,1,1,0,2,0,1,2,0,2,0,0,2,2,2,0,0,2,0,1,0,2,0,2
991570169,2,0,2,2,2,1,1,1,1,1,2,2,2,0,0,1,1,1,0,1,1,1,1,1,1,1,1,2,1,1,0,0,2,0,2,0,2,1,1
991615636,2,0,1,2,2,1,1,1,1,1,2,0,2,0,0,2,2,2,1,2,0,0,1,1,1,1,1,2,2,2,0,1,1,0,1,0,2,0,2
991611778,2,0,2,2,2,0,0,2,2,2,2,2,0,0,0,2,2,2,2,0,0,0,0,2,0,2,2,2,0,0,0,0,2,0,2,0,0,0,2
991636797,2,0,1,2,2,1,1,1,1,1,2,2,1,0,0,2,2,2,1,1,0,0,0,2,0,2,2,2,0,0,0,0,2,0,2,0,1,0,2
991637802,2,0,1,2,2,1,1,1,1,1,2,0,2,0,0,2,2,2,0,1,0,0,0,2,0,2,2,2,1,1,0,1,1,0,1,0,2,0,2
991644735,2,0,0,2,2,0,0,2,2,1,1,2,0,1,1,0,1,1,1,1,1,0,0,2,0,2,2,2,1,1,0,1,1,0,1,0,2,1,2
991717418,1,1,0,2,2,0,0,2,2,1,2,1,1,0,2,0,1,1,1,2,0,0,1,1,1,1,1,2,2,2,0,1,1,0,1,0,2,0,1
991653298,2,0,2,2,2,1,1,1,1,1,2,2,1,0,0,2,2,2,1,1,0,0,0,2,0,2,2,2,0,0,0,0,2,0,2,0,1,0,2
991661192,2,0,0,2,2,0,0,2,2,2,2,2,2,0,0,2,2,2,1,0,1,0,0,2,0,2,2,2,0,0,0,0,2,0,2,0,2,1,1
991702726,1,1,1,2,2,0,0,2,2,2,2,1,2,0,2,1,1,1,0,2,0,0,2,0,2,0,0,2,2,2,0,0,2,0,1,0,2,0,1
991715454,2,0,1,2,2,2,2,0,0,0,2,2,2,0,0,2,2,2,0,2,0,0,0,2,0,2,2,2,0,0,0,0,2,0,2,0,2,0,2
991728196,2,0,1,2,2,1,1,1,1,1,2,2,2,0,0,2,2,2,0,1,1,0,0,2,0,2,2,2,0,0,0,0,2,0,2,0,2,0,2
991725399,2,0,0,2,2,0,0,2,2,2,2,2,1,0,1,2,2,2,0,2,0,0,2,0,2,0,0,2,2,2,1,1,1,0,1,0,1,0,2
991746534,2,0,1,2,2,2,2,0,0,0,2,2,1,1,0,1,1,1,0,1,1,0,0,2,0,2,2,2,0,0,0,0,2,0,2,0,2,0,2
991754560,2,0,1,2,2,2,1,0,0,1,2,1,1,0,1,1,1,1,1,1,0,0,0,2,0,2,2,2,1,1,0,1,1,0,1,0,2,1,1
991760471,2,0,2,2,2,2,2,0,0,0,2,1,2,0,1,1,1,1,0,2,0,1,1,1,1,1,1,2,1,1,0,0,2,0,1,0,2,0,2
991766146,2,0,1,2,2,1,1,1,1,0,2,1,1,0,1,1,2,2,2,2,0,0,0,2,0,2,2,2,2,2,0,2,0,0,0,0,2,0,2
991764443,2,0,2,1,2,1,1,1,1,0,2,2,0,1,1,0,1,1,1,1,1,0,0,2,0,2,2,2,1,1,0,1,1,0,1,0,2,0,2
991775620,2,0,0,2,2,0,0,2,2,1,2,2,1,0,2,1,2,2,1,2,0,0,1,1,1,1,1,2,2,2,0,1,1,0,0,0,2,0,2
991770845,2,0,1,2,2,1,0,1,1,2,2,2,1,0,1,2,2,2,1,1,0,0,1,1,1,1,1,2,1,1,0,0,2,0,1,0,2,0,2
991775352,2,0,0,2,2,1,1,1,1,1,1,1,1,1,1,0,0,0,0,1,1,1,0,2,0,2,2,2,2,2,1,2,0,1,1,1,2,1,0
991773326,2,0,1,2,2,2,2,0,0,0,2,2,1,1,0,1,1,1,0,1,1,0,0,2,0,2,2,2,0,0,0,0,2,0,2,0,2,0,2
991781083,2,0,1,2,2,0,0,2,2,1,1,2,0,1,1,0,1,1,1,1,0,0,1,1,0,1,2,2,1,1,0,0,2,1,1,1,2,0,1
991805153,2,0,1,2,2,0,0,2,2,2,2,1,2,0,1,2,2,2,0,2,0,0,1,1,1,1,1,2,2,2,0,1,1,0,1,0,2,0,1
991808558,1,1,1,1,1,2,2,1,0,0,2,1,1,0,1,1,1,1,0,2,0,0,1,1,1,1,1,2,2,2,0,1,1,0,0,1,2,1,1
991818232,2,0,0,2,2,0,0,2,2,2,2,1,1,0,0,1,2,2,1,0,1,1,0,2,0,2,2,2,0,0,0,0,2,0,1,0,1,0,2
991849708,2,0,0,2,2,1,1,1,1,1,2,2,2,0,0,2,2,2,1,1,0,0,0,2,0,2,2,2,0,0,0,0,2,0,2,0,2,2,0
991858299,2,0,0,2,2,1,1,1,1,1,2,0,2,0,1,1,1,1,0,1,0,0,0,2,0,2,2,2,1,1,0,1,1,0,1,0,2,1,1
991853523,2,0,1,2,2,2,2,0,0,0,2,2,1,1,0,1,1,1,0,1,1,0,0,2,0,2,2,2,0,0,0,0,2,0,2,0,2,0,2
991854695,2,0,1,2,2,1,1,1,1,1,2,2,2,0,0,1,1,1,0,1,1,1,1,1,1,1,1,2,1,1,0,0,2,0,2,0,2,1,1
991870410,2,0,0,2,2,2,2,0,0,0,2,2,1,1,0,1,1,1,0,1,1,0,0,2,0,2,2,2,0,0,0,0,2,0,2,0,2,0,2
991876135,2,0,2,2,2,0,0,2,2,2,1,2,0,0,1,2,2,2,0,2,0,0,2,0,2,0,0,2,2,2,0,1,2,0,1,0,2,0,1
991884670,2,0,0,2,2,1,1,1,1,1,2,2,2,0,0,1,1,1,0,1,1,1,1,1,1,1,1,2,1,1,0,0,2,0,2,0,2,1,0
991884328,2,0,0,2,2,2,2,0,0,0,2,2,1,1,0,1,1,1,0,1,1,0,0,2,0,2,2,2,0,0,0,0,2,0,2,0,2,0,2
991896717,2,0,1,2,2,0,0,2,2,0,2,1,1,0,1,1,2,2,1,2,0,0,0,2,0,2,2,2,1,1,0,1,1,0,1,0,2,0,2
991909455,2,0,1,2,2,1,1,1,1,1,1,2,0,1,1,1,0,1,0,1,1,0,1,1,1,1,1,2,1,1,0,0,2,0,2,0,2,0,1
991927213,2,0,0,2,2,1,1,1,1,1,2,1,2,0,0,2,2,2,1,2,0,1,1,1,1,1,1,2,1,1,1,1,1,0,2,1,2,1,1
991923947,2,0,2,2,2,1,1,1,1,1,2,2,1,1,0,1,1,1,0,0,2,0,0,2,0,2,2,2,0,0,0,0,2,0,2,0,2,0,2
991960845,2,0,2,2,2,1,1,1,1,1,2,1,2,0,2,1,1,1,0,2,0,0,1,1,1,1,1,2,2,2,0,1,1,0,0,0,2,1,1
